favorite_id,blog_id,user_id,favorite_date,created_at,updated_at
1,72,52,1996-05-30,2011-12-29 03:26:29.053979,2000-07-04 16:57:43.834303
2,81,33,1987-10-06,1996-02-28 04:32:17.970328,1984-02-29 07:46:44.318999
3,2,38,1977-11-02,1997-02-21 06:35:04.428136,2007-04-12 12:29:52.419443
4,33,76,2012-04-23,1978-11-28 16:24:55.913188,2018-03-15 02:35:47.751288
5,54,76,2013-11-21,2017-06-27 20:00:50.598283,1982-10-08 05:24:16.424136
6,43,80,2018-05-11,2019-01-24 11:02:18.032619,1983-03-26 16:55:09.243809
7,65,39,2007-12-08,2009-12-02 07:47:57.837265,1984-02-13 23:21:45.041719
8,96,96,2013-01-24,1997-12-19 09:09:59.564996,2018-10-09 00:53:41.307778
9,36,44,1976-05-28,2010-02-09 22:54:01.478870,2004-10-15 19:48:37.355351
10,83,45,1987-02-09,1981-10-29 18:23:25.146823,1998-10-01 06:15:37.110778
11,43,96,1988-04-21,2021-09-21 01:16:21.195669,1986-05-09 02:43:48.934371
12,20,49,1974-06-23,1989-09-21 18:39:05.400126,1980-03-17 11:07:10.052168
13,3,30,1988-05-11,1975-12-07 22:22:22.325210,2005-10-03 12:43:03.440571
14,13,13,1982-04-13,1973-04-24 04:31:51.516392,2021-01-03 20:44:02.314467
15,44,90,2020-11-22,2019-09-06 21:39:16.463510,2016-09-01 00:48:08.437401
16,84,50,1984-12-24,1972-06-27 20:46:23.779614,1978-03-04 03:20:44.556452
17,59,97,1988-12-05,2015-10-22 02:28:37.801987,2009-09-14 09:14:05.032953
18,4,80,2002-11-19,2022-03-18 06:15:14.920309,2003-06-26 14:48:45.389005
19,45,28,2014-04-20,1973-08-11 13:36:04.741133,1980-01-25 18:13:11.009249
20,72,30,2019-03-10,2015-01-27 05:36:29.405749,2000-02-17 16:45:20.609777
21,31,98,2010-12-29,1983-03-07 05:29:37.700027,1992-09-19 04:39:50.978814
22,17,56,2016-10-18,2020-01-07 23:39:47.450709,1987-12-03 12:52:14.935602
23,78,65,1980-09-03,1999-02-08 03:13:04.741022,2023-10-02 06:29:42.461661
24,77,69,2007-12-02,1981-02-11 10:15:35.662662,1985-03-10 21:27:14.131204
25,41,77,2013-11-01,2000-10-26 19:04:41.505922,1995-05-30 16:06:24.927260
26,62,53,2020-11-20,1996-10-12 08:52:23.554067,1995-12-29 10:00:33.070915
27,91,4,1974-05-27,1994-03-12 16:22:20.627654,2000-02-09 09:03:12.172218
28,25,16,1999-10-17,1997-12-27 21:27:23.580794,2019-10-08 16:34:01.343709
29,48,42,2010-11-26,1997-07-02 13:34:42.230794,1997-01-09 16:49:59.670598
30,80,59,1980-02-19,1980-10-09 11:00:31.986872,2009-12-09 10:13:50.872797
31,77,37,1990-02-14,1991-02-01 10:25:16.369761,2005-03-11 01:51:39.690264
32,56,61,1999-11-11,1987-07-01 16:58:26.661741,1992-08-20 22:24:16.909036
33,26,50,2003-07-06,2014-02-22 17:11:46.082806,1977-05-21 08:40:58.936254
34,1,64,2013-08-09,1994-02-25 23:04:50.105595,1970-12-19 13:41:15.195785
35,50,47,1976-06-05,1979-08-11 19:34:52.207000,1996-11-15 02:43:54.958115
36,65,37,2006-05-06,1985-12-29 11:05:21.595441,2016-11-10 23:45:02.638292
37,6,18,1998-05-12,1982-04-22 19:47:21.800710,1985-03-14 23:30:14.758780
38,96,61,1996-07-02,2021-05-04 02:43:02.111952,2010-10-28 20:35:55.201177
39,34,87,1981-11-05,2020-10-11 20:15:09.942207,1975-05-07 19:13:52.255092
40,30,11,1981-01-12,2011-11-24 18:09:13.140648,1985-01-21 20:43:58.695308
41,66,72,1983-02-19,1973-09-15 07:38:33.325565,1990-03-30 04:48:48.356287
42,60,99,2011-12-24,1983-02-11 00:09:43.491560,1972-12-12 05:08:17.084898
43,11,90,2006-01-01,2005-04-01 07:49:48.134610,2015-09-29 21:38:05.986169
44,61,89,1974-12-22,1987-08-19 13:14:53.535406,1972-07-07 04:58:20.158336
45,70,5,1973-01-01,1987-03-26 22:41:03.700246,2021-05-14 01:55:43.142015
46,77,12,2013-01-27,1970-07-20 17:57:46.664523,2019-11-12 07:19:00.788823
47,41,70,2016-06-05,1989-10-26 22:42:08.830620,1982-08-24 17:55:33.104918
48,63,83,1982-07-16,1997-12-22 01:06:30.609110,2014-06-03 21:53:17.194760
49,78,64,1987-06-27,2021-06-06 22:10:19.468788,2002-08-09 03:54:22.172082
50,38,95,2015-12-03,2007-04-15 20:46:03.765181,1970-11-11 15:21:38.828464
51,100,46,1997-05-25,1977-01-14 14:11:06.035863,1981-08-18 06:51:27.623338
52,40,99,1982-06-14,1978-07-04 04:27:06.209102,1974-01-26 08:48:23.342196
53,31,94,2014-01-10,1987-01-04 06:33:24.597088,1997-05-29 19:52:25.052266
54,27,93,2005-02-16,2004-01-23 15:55:04.329200,2017-06-07 09:33:16.568464
55,85,27,2022-05-30,1991-08-29 23:08:35.292427,2012-09-10 09:52:18.259149
56,72,46,1972-03-10,2000-02-26 16:45:37.845327,2014-11-04 18:19:53.080836
57,29,39,2004-02-13,2020-06-28 21:12:10.579924,2001-07-26 10:02:24.386699
58,77,45,1989-05-08,1987-08-24 03:42:06.037128,2017-10-24 04:43:53.753636
59,92,100,1973-01-18,1971-05-09 03:03:43.590110,2007-12-02 09:24:22.294930
60,89,60,1980-05-01,1981-03-02 02:31:43.921120,1978-02-06 00:50:24.908166
61,46,39,2013-04-29,1996-02-18 03:19:50.607876,2005-12-26 01:32:43.720176
62,85,41,2005-09-05,1993-01-11 15:34:55.252791,1988-12-07 04:00:16.817260
63,34,69,2004-01-29,2003-05-29 10:53:16.970341,2023-08-20 20:53:37.815237
64,18,3,2013-05-05,2008-04-18 12:38:07.182416,2000-01-22 10:32:14.299496
65,95,96,1982-12-18,1998-04-12 14:27:12.208997,1999-10-26 08:34:05.472561
66,27,1,1978-08-26,1978-04-14 15:54:06.259950,2013-10-29 02:49:06.963917
67,75,19,1976-03-30,2001-04-06 04:56:07.013424,2008-08-13 09:12:19.117868
68,69,56,1974-09-26,1997-06-23 20:40:17.818160,1972-10-06 20:43:39.163167
69,73,9,2018-01-25,2017-12-30 13:29:00.396132,2022-05-24 06:47:22.864451
70,71,53,2005-07-10,1998-12-16 06:22:49.430424,2014-07-15 00:51:29.536011
71,66,12,1978-05-16,1979-08-13 19:02:47.433687,2000-01-25 12:32:44.602507
72,62,80,1988-07-20,1986-09-10 05:59:58.469372,2001-07-07 08:15:31.181203
73,60,9,1990-07-16,2002-11-05 07:37:48.224421,1999-11-15 02:43:37.488562
74,62,48,1993-08-03,2001-06-26 13:08:59.258782,1989-03-06 22:19:48.497433
75,8,31,1972-06-19,1981-04-01 22:54:30.772936,1987-07-15 08:52:36.606325
76,21,50,2011-05-15,2006-01-16 03:03:48.151379,1997-01-16 02:06:28.879274
77,1,34,1973-10-30,1973-09-14 03:49:36.176014,2005-07-12 03:11:54.242628
78,7,43,1986-03-10,1983-06-10 02:36:11.421955,2013-05-29 09:01:37.815377
79,16,47,2007-10-20,2002-02-23 04:15:06.036281,1975-01-29 04:27:13.180248
80,79,79,1972-07-04,1999-09-25 02:37:14.546984,1987-08-14 07:35:51.608626
81,48,83,1992-02-14,1992-05-27 01:28:36.579678,1986-02-11 17:30:48.855800
82,62,36,1976-12-27,2023-08-13 12:30:56.288151,1978-10-05 10:11:25.976250
83,9,53,1987-09-12,2013-07-13 19:26:43.337012,1984-03-27 13:30:32.315074
84,70,13,2021-08-08,1978-03-16 23:41:11.743212,2011-03-28 08:35:23.491433
85,74,18,2004-04-24,2002-09-12 19:56:20.043141,1977-01-21 12:21:35.601170
86,48,41,1997-06-29,1978-05-03 03:56:46.441750,1987-12-22 14:34:11.376553
87,4,38,2023-02-11,2001-05-17 23:23:03.241268,2011-04-21 06:24:25.822567
88,100,73,1998-01-20,2007-12-08 08:25:00.195278,2010-11-06 01:50:03.503936
89,90,52,2009-08-28,1991-11-19 09:55:08.759754,2006-09-01 08:38:13.955226
90,69,20,2007-04-29,1995-07-30 17:52:08.190967,2019-12-10 10:14:14.744763
91,53,58,1974-09-20,2012-09-17 23:41:21.856200,1991-01-19 11:44:37.905203
92,6,89,1987-01-15,2020-09-07 20:01:06.590528,1988-10-11 12:23:24.073100
93,98,97,2007-11-04,2016-09-10 08:52:06.252247,1972-04-17 18:52:01.639870
94,9,88,1971-05-01,1987-01-03 03:32:33.184358,2022-02-26 19:44:03.672653
95,73,23,1972-05-27,2008-07-07 19:06:33.393555,2000-03-16 08:36:55.776250
96,76,7,2013-06-08,1987-01-26 10:10:42.227511,2007-02-28 18:15:04.282135
97,91,37,1984-07-08,1986-04-14 03:34:10.338512,1979-07-20 13:36:51.724269
98,62,53,1997-11-26,2007-07-24 19:53:18.562329,2003-01-04 13:18:03.935900
99,76,97,1971-08-02,1970-08-29 04:01:45.026448,1978-05-14 07:49:43.259087
100,27,30,2021-04-28,1995-08-18 02:22:37.511198,2023-03-19 02:08:18.625104
